{
  "mnb_tfidf": 0.5199999999999998,
  "mnb_count": 0.8599999999999995,
  "simplernn": 0.5699999999999997,
  "lstm": 0.5799999999999997,
  "gru": 0.6299999999999997,
  "bilstm": 0.48999999999999977
}